{
  "llui": {
    "01_run1k": 23.9,
    "02_replace1k": 25.9,
    "03_update10th1k_x16": 14.6,
    "04_select1k": 3.2,
    "05_swap1k": 11.4,
    "06_remove-one-1k": 11.5,
    "07_create10k": 235.8,
    "08_create1k-after1k_x2": 28.3,
    "09_clear1k_x8": 12.3,
    "21_ready-memory": 0.5935392379760742,
    "22_run-memory": 3.177170753479004,
    "25_run-clear-memory": 1.0199813842773438,
    "41_size-uncompressed": 26.8,
    "42_size-compressed": 7.5
  },
  "vanillajs": {
    "01_run1k": 22.9,
    "02_replace1k": 23.9,
    "03_update10th1k_x16": 13.5,
    "04_select1k": 4.5,
    "05_swap1k": 15,
    "06_remove-one-1k": 11.4,
    "07_create10k": 220.3,
    "08_create1k-after1k_x2": 26.7,
    "09_clear1k_x8": 9.7,
    "21_ready-memory": 0.5635442733764648,
    "22_run-memory": 1.8246698379516602,
    "25_run-clear-memory": 0.6254444122314453,
    "41_size-uncompressed": 11.3,
    "42_size-compressed": 2.5
  },
  "solid": {
    "01_run1k": 23.8,
    "02_replace1k": 26.1,
    "03_update10th1k_x16": 14.8,
    "04_select1k": 4.2,
    "05_swap1k": 17.4,
    "06_remove-one-1k": 12,
    "07_create10k": 235.8,
    "08_create1k-after1k_x2": 27.3,
    "09_clear1k_x8": 12.5,
    "21_ready-memory": 0.5594911575317383,
    "22_run-memory": 2.6394968032836914,
    "25_run-clear-memory": 0.7443962097167969,
    "41_size-uncompressed": 11.5,
    "42_size-compressed": 4.5
  },
  "svelte": {
    "01_run1k": 24,
    "02_replace1k": 26.5,
    "03_update10th1k_x16": 15.5,
    "04_select1k": 5.7,
    "05_swap1k": 17.3,
    "06_remove-one-1k": 12.8,
    "07_create10k": 237.5,
    "08_create1k-after1k_x2": 27.5,
    "09_clear1k_x8": 12,
    "21_ready-memory": 0.6771430969238281,
    "22_run-memory": 2.8798437118530273,
    "25_run-clear-memory": 1.0122556686401367,
    "41_size-uncompressed": 34.3,
    "42_size-compressed": 12.2
  },
  "react": {
    "01_run1k": 26.7,
    "02_replace1k": 32.2,
    "03_update10th1k_x16": 16.7,
    "04_select1k": 5.6,
    "05_swap1k": 106.5,
    "06_remove-one-1k": 14.5,
    "07_create10k": 420.4,
    "08_create1k-after1k_x2": 31.4,
    "09_clear1k_x8": 19.1,
    "21_ready-memory": 1.2,
    "22_run-memory": 4.4,
    "25_run-clear-memory": 2,
    "41_size-uncompressed": 190.3,
    "42_size-compressed": 51.4
  },
  "elm": {
    "01_run1k": 37.3,
    "02_replace1k": 33.7,
    "03_update10th1k_x16": 27.7,
    "04_select1k": 21.9,
    "05_swap1k": 27.7,
    "06_remove-one-1k": 29.8,
    "07_create10k": 606.2,
    "08_create1k-after1k_x2": 38.2,
    "09_clear1k_x8": 22.7,
    "21_ready-memory": 0.6814737319946289,
    "22_run-memory": 3.634420394897461,
    "25_run-clear-memory": 1.0466222763061523,
    "41_size-uncompressed": 31.7,
    "42_size-compressed": 10.4
  }
}
