{
  "llui": {
    "01_run1k": 23.5,
    "02_replace1k": 25.3,
    "03_update10th1k_x16": 14.8,
    "04_select1k": 3.3,
    "05_swap1k": 11.3,
    "06_remove-one-1k": 11.6,
    "07_create10k": 235.3,
    "08_create1k-after1k_x2": 27.9,
    "09_clear1k_x8": 12.5,
    "21_ready-memory": 0.59161376953125,
    "22_run-memory": 3.1767377853393555,
    "25_run-clear-memory": 1.0204544067382812,
    "41_size-uncompressed": 26.7,
    "42_size-compressed": 7.5
  },
  "vanillajs": {
    "01_run1k": 22.6,
    "02_replace1k": 23.4,
    "03_update10th1k_x16": 13.4,
    "04_select1k": 4.9,
    "05_swap1k": 15.1,
    "06_remove-one-1k": 11.3,
    "07_create10k": 219.7,
    "08_create1k-after1k_x2": 26.2,
    "09_clear1k_x8": 9.7,
    "21_ready-memory": 0.5607385635375977,
    "22_run-memory": 1.8278703689575195,
    "25_run-clear-memory": 0.6254863739013672,
    "41_size-uncompressed": 11.3,
    "42_size-compressed": 2.5
  },
  "solid": {
    "01_run1k": 23.5,
    "02_replace1k": 25.6,
    "03_update10th1k_x16": 14.7,
    "04_select1k": 4.4,
    "05_swap1k": 17.2,
    "06_remove-one-1k": 11.9,
    "07_create10k": 235.1,
    "08_create1k-after1k_x2": 27,
    "09_clear1k_x8": 12.3,
    "21_ready-memory": 0.50177001953125,
    "22_run-memory": 2.6397933959960938,
    "25_run-clear-memory": 0.740875244140625,
    "41_size-uncompressed": 11.5,
    "42_size-compressed": 4.5
  },
  "svelte": {
    "01_run1k": 23.4,
    "02_replace1k": 26,
    "03_update10th1k_x16": 15.1,
    "04_select1k": 6.1,
    "05_swap1k": 17.3,
    "06_remove-one-1k": 12.4,
    "07_create10k": 237.3,
    "08_create1k-after1k_x2": 27.2,
    "09_clear1k_x8": 11.9,
    "21_ready-memory": 0.6736869812011719,
    "22_run-memory": 2.8810834884643555,
    "25_run-clear-memory": 1.0125722885131836,
    "41_size-uncompressed": 34.3,
    "42_size-compressed": 12.2
  },
  "react": {
    "01_run1k": 26.7,
    "02_replace1k": 32.2,
    "03_update10th1k_x16": 16.7,
    "04_select1k": 5.6,
    "05_swap1k": 106.5,
    "06_remove-one-1k": 14.5,
    "07_create10k": 420.4,
    "08_create1k-after1k_x2": 31.4,
    "09_clear1k_x8": 19.1,
    "21_ready-memory": 1.2,
    "22_run-memory": 4.4,
    "25_run-clear-memory": 2,
    "41_size-uncompressed": 190.3,
    "42_size-compressed": 51.4
  },
  "elm": {
    "01_run1k": 37.5,
    "02_replace1k": 31.5,
    "03_update10th1k_x16": 27.5,
    "04_select1k": 22.4,
    "05_swap1k": 27.6,
    "06_remove-one-1k": 29,
    "07_create10k": 608.6,
    "08_create1k-after1k_x2": 38.6,
    "09_clear1k_x8": 22.9,
    "21_ready-memory": 0.6750116348266602,
    "22_run-memory": 3.6340513229370117,
    "25_run-clear-memory": 1.0446691513061523,
    "41_size-uncompressed": 31.7,
    "42_size-compressed": 10.4
  }
}