{
  "llui": {
    "01_run1k": 21.1,
    "02_replace1k": 23,
    "03_update10th1k_x16": 11.1,
    "04_select1k": 2.5,
    "05_swap1k": 13.7,
    "06_remove-one-1k": 10.4,
    "07_create10k": 216,
    "08_create1k-after1k_x2": 25.3,
    "09_clear1k_x8": 10,
    "21_ready-memory": 0.6342611312866211,
    "22_run-memory": 2.6157312393188477,
    "25_run-clear-memory": 0.8955373764038086,
    "41_size-uncompressed": 24.9,
    "42_size-compressed": 8.2
  },
  "vanillajs": {
    "01_run1k": 20,
    "02_replace1k": 21.2,
    "03_update10th1k_x16": 9.8,
    "04_select1k": 2.5,
    "05_swap1k": 11.3,
    "06_remove-one-1k": 9.2,
    "07_create10k": 197,
    "08_create1k-after1k_x2": 22.5,
    "09_clear1k_x8": 8.4,
    "21_ready-memory": 0.4769935607910156,
    "22_run-memory": 1.8297853469848633,
    "25_run-clear-memory": 0.6172389984130859,
    "41_size-uncompressed": 11.3,
    "42_size-compressed": 2.5
  },
  "solid": {
    "01_run1k": 20.5,
    "02_replace1k": 22.6,
    "03_update10th1k_x16": 10.7,
    "04_select1k": 3.2,
    "05_swap1k": 12.9,
    "06_remove-one-1k": 9.7,
    "07_create10k": 210.2,
    "08_create1k-after1k_x2": 22.9,
    "09_clear1k_x8": 10.6,
    "21_ready-memory": 0.5641794204711914,
    "22_run-memory": 2.641326904296875,
    "25_run-clear-memory": 0.7428779602050781,
    "41_size-uncompressed": 11.5,
    "42_size-compressed": 4.5
  },
  "svelte": {
    "01_run1k": 20.8,
    "02_replace1k": 23.1,
    "03_update10th1k_x16": 11.1,
    "04_select1k": 4.5,
    "05_swap1k": 13.2,
    "06_remove-one-1k": 9.9,
    "07_create10k": 211.3,
    "08_create1k-after1k_x2": 23,
    "09_clear1k_x8": 10,
    "21_ready-memory": 0.6659202575683594,
    "22_run-memory": 2.882809638977051,
    "25_run-clear-memory": 1.019495964050293,
    "41_size-uncompressed": 34.3,
    "42_size-compressed": 12.2
  },
  "react": {
    "01_run1k": 26.7,
    "02_replace1k": 32.2,
    "03_update10th1k_x16": 16.7,
    "04_select1k": 5.6,
    "05_swap1k": 106.5,
    "06_remove-one-1k": 14.5,
    "07_create10k": 420.4,
    "08_create1k-after1k_x2": 31.4,
    "09_clear1k_x8": 19.1,
    "21_ready-memory": 1.2,
    "22_run-memory": 4.4,
    "25_run-clear-memory": 2,
    "41_size-uncompressed": 190.3,
    "42_size-compressed": 51.4
  },
  "elm": {
    "01_run1k": 29.9,
    "02_replace1k": 25.8,
    "03_update10th1k_x16": 21.5,
    "04_select1k": 5.2,
    "05_swap1k": 23.1,
    "06_remove-one-1k": 12.9,
    "07_create10k": 566.2,
    "08_create1k-after1k_x2": 30.3,
    "09_clear1k_x8": 21.7,
    "21_ready-memory": 0.6829156875610352,
    "22_run-memory": 3.639738082885742,
    "25_run-clear-memory": 1.0380582809448242,
    "41_size-uncompressed": 31.7,
    "42_size-compressed": 10.4
  }
}
