{
  "llui": {
    "01_run1k": 21,
    "02_replace1k": 23.9,
    "03_update10th1k_x16": 12.7,
    "04_select1k": 3.3,
    "05_swap1k": 16,
    "06_remove-one-1k": 12.2,
    "07_create10k": 229.5,
    "08_create1k-after1k_x2": 26.1,
    "09_clear1k_x8": 11.3,
    "21_ready-memory": 0.6430253982543945,
    "22_run-memory": 2.3641862869262695,
    "25_run-clear-memory": 0.9258356094360352,
    "41_size-uncompressed": 24.9,
    "42_size-compressed": 8.2
  },
  "vanillajs": {
    "01_run1k": 20,
    "02_replace1k": 21.3,
    "03_update10th1k_x16": 11.4,
    "04_select1k": 3.3,
    "05_swap1k": 13.7,
    "06_remove-one-1k": 10.5,
    "07_create10k": 203.8,
    "08_create1k-after1k_x2": 22.6,
    "09_clear1k_x8": 8.8,
    "21_ready-memory": 0.5656595230102539,
    "22_run-memory": 1.8662614822387695,
    "25_run-clear-memory": 0.6437168121337891,
    "41_size-uncompressed": 11.3,
    "42_size-compressed": 2.5
  },
  "solid": {
    "01_run1k": 20.4,
    "02_replace1k": 22.5,
    "03_update10th1k_x16": 10.8,
    "04_select1k": 3.1,
    "05_swap1k": 12.9,
    "06_remove-one-1k": 9.7,
    "07_create10k": 209.6,
    "08_create1k-after1k_x2": 22.6,
    "09_clear1k_x8": 10.9,
    "21_ready-memory": 0.5605058670043945,
    "22_run-memory": 2.6419200897216797,
    "25_run-clear-memory": 0.7429161071777344,
    "41_size-uncompressed": 11.5,
    "42_size-compressed": 4.5
  },
  "svelte": {
    "01_run1k": 20.5,
    "02_replace1k": 23.2,
    "03_update10th1k_x16": 11.1,
    "04_select1k": 4.7,
    "05_swap1k": 13.2,
    "06_remove-one-1k": 9.8,
    "07_create10k": 211.4,
    "08_create1k-after1k_x2": 22.8,
    "09_clear1k_x8": 10,
    "21_ready-memory": 0.6786575317382812,
    "22_run-memory": 2.8791189193725586,
    "25_run-clear-memory": 1.019221305847168,
    "41_size-uncompressed": 34.3,
    "42_size-compressed": 12.2
  },
  "react-hooks": {
    "01_run1k": 26.7,
    "02_replace1k": 32.2,
    "03_update10th1k_x16": 16.7,
    "04_select1k": 5.6,
    "05_swap1k": 106.5,
    "06_remove-one-1k": 14.5,
    "07_create10k": 420.4,
    "08_create1k-after1k_x2": 31.4,
    "09_clear1k_x8": 19.1,
    "21_ready-memory": 1.2,
    "22_run-memory": 4.4,
    "25_run-clear-memory": 2,
    "41_size-uncompressed": 190.3,
    "42_size-compressed": 51.4
  },
  "elm": {
    "01_run1k": 29.5,
    "02_replace1k": 30,
    "03_update10th1k_x16": 20.7,
    "04_select1k": 5.7,
    "05_swap1k": 22.8,
    "06_remove-one-1k": 12.7,
    "07_create10k": 568.1,
    "08_create1k-after1k_x2": 30.2,
    "09_clear1k_x8": 21.8,
    "21_ready-memory": 0.6833734512329102,
    "22_run-memory": 3.6399354934692383,
    "25_run-clear-memory": 1.0378904342651367,
    "41_size-uncompressed": 31.7,
    "42_size-compressed": 10.4
  }
}
