{
  "llui": {
    "01_run1k": 21.6,
    "02_replace1k": 23.8,
    "03_update10th1k_x16": 11.6,
    "04_select1k": 2.7,
    "05_swap1k": 14.4,
    "06_remove-one-1k": 10.8,
    "07_create10k": 227.9,
    "08_create1k-after1k_x2": 26.1,
    "09_clear1k_x8": 10.3,
    "21_ready-memory": 0.6320772171020508,
    "22_run-memory": 2.872274398803711,
    "25_run-clear-memory": 0.9049482345581055,
    "41_size-uncompressed": 24.9,
    "42_size-compressed": 8.2
  },
  "vanillajs": {
    "01_run1k": 20.1,
    "02_replace1k": 21.7,
    "03_update10th1k_x16": 10.8,
    "04_select1k": 2.7,
    "05_swap1k": 12.4,
    "06_remove-one-1k": 9.7,
    "07_create10k": 200,
    "08_create1k-after1k_x2": 23.1,
    "09_clear1k_x8": 8.9,
    "21_ready-memory": 0.5613832473754883,
    "22_run-memory": 1.8294878005981445,
    "25_run-clear-memory": 0.6172389984130859,
    "41_size-uncompressed": 11.3,
    "42_size-compressed": 2.5
  },
  "solid": {
    "01_run1k": 20.7,
    "02_replace1k": 23.1,
    "03_update10th1k_x16": 11.4,
    "04_select1k": 3.4,
    "05_swap1k": 14,
    "06_remove-one-1k": 10.2,
    "07_create10k": 216.8,
    "08_create1k-after1k_x2": 23.5,
    "09_clear1k_x8": 11,
    "21_ready-memory": 0.5629129409790039,
    "22_run-memory": 2.641805648803711,
    "25_run-clear-memory": 0.7428512573242188,
    "41_size-uncompressed": 11.5,
    "42_size-compressed": 4.5
  },
  "svelte": {
    "01_run1k": 20.9,
    "02_replace1k": 23.7,
    "03_update10th1k_x16": 12,
    "04_select1k": 5,
    "05_swap1k": 14,
    "06_remove-one-1k": 10.3,
    "07_create10k": 218.6,
    "08_create1k-after1k_x2": 23.5,
    "09_clear1k_x8": 10.7,
    "21_ready-memory": 0.6752510070800781,
    "22_run-memory": 2.8817100524902344,
    "25_run-clear-memory": 1.0192327499389648,
    "41_size-uncompressed": 34.3,
    "42_size-compressed": 12.2
  },
  "react": {
    "01_run1k": 26.7,
    "02_replace1k": 32.2,
    "03_update10th1k_x16": 16.7,
    "04_select1k": 5.6,
    "05_swap1k": 106.5,
    "06_remove-one-1k": 14.5,
    "07_create10k": 420.4,
    "08_create1k-after1k_x2": 31.4,
    "09_clear1k_x8": 19.1,
    "21_ready-memory": 1.2,
    "22_run-memory": 4.4,
    "25_run-clear-memory": 2,
    "41_size-uncompressed": 190.3,
    "42_size-compressed": 51.4
  },
  "elm": {
    "01_run1k": 29.1,
    "02_replace1k": 30.8,
    "03_update10th1k_x16": 22.2,
    "04_select1k": 5.4,
    "05_swap1k": 23.9,
    "06_remove-one-1k": 13.7,
    "07_create10k": 574.1,
    "08_create1k-after1k_x2": 30.1,
    "09_clear1k_x8": 22.2,
    "21_ready-memory": 0.6829538345336914,
    "22_run-memory": 3.6397809982299805,
    "25_run-clear-memory": 1.0378484725952148,
    "41_size-uncompressed": 31.7,
    "42_size-compressed": 10.4
  }
}
