{
  "llui": {
    "01_run1k": 21.2,
    "02_replace1k": 22.4,
    "03_update10th1k_x16": 10.7,
    "04_select1k": 2.8,
    "05_swap1k": 7.8,
    "06_remove-one-1k": 10.4,
    "07_create10k": 218.2,
    "08_create1k-after1k_x2": 23.8,
    "09_clear1k_x8": 10.3,
    "21_ready-memory": 0.6422128677368164,
    "22_run-memory": 3.2270631790161133,
    "25_run-clear-memory": 1.0910491943359375,
    "41_size-uncompressed": 24.9,
    "42_size-compressed": 8.2
  },
  "vanillajs": {
    "01_run1k": 20.4,
    "02_replace1k": 21.4,
    "03_update10th1k_x16": 10,
    "04_select1k": 7.8,
    "05_swap1k": 12.1,
    "06_remove-one-1k": 9.3,
    "07_create10k": 201.6,
    "08_create1k-after1k_x2": 23,
    "09_clear1k_x8": 8.3,
    "21_ready-memory": 0.4770164489746094,
    "22_run-memory": 1.8290491104125977,
    "25_run-clear-memory": 0.6173610687255859,
    "41_size-uncompressed": 11.3,
    "42_size-compressed": 2.5
  },
  "solid": {
    "01_run1k": 21.15,
    "02_replace1k": 22.55,
    "03_update10th1k_x16": 10.4,
    "04_select1k": 4.3,
    "05_swap1k": 12.85,
    "06_remove-one-1k": 12.7,
    "07_create10k": 213.9,
    "08_create1k-after1k_x2": 23.15,
    "09_clear1k_x8": 10.45,
    "21_ready-memory": 0.5577459335327148,
    "22_run-memory": 2.6417722702026367,
    "25_run-clear-memory": 0.742767333984375,
    "41_size-uncompressed": 11.5,
    "42_size-compressed": 4.5
  },
  "svelte": {
    "01_run1k": 21.4,
    "02_replace1k": 22.9,
    "03_update10th1k_x16": 11.3,
    "04_select1k": 4.7,
    "05_swap1k": 12.8,
    "06_remove-one-1k": 13.8,
    "07_create10k": 216.2,
    "08_create1k-after1k_x2": 23.2,
    "09_clear1k_x8": 10,
    "21_ready-memory": 0.6786727905273438,
    "22_run-memory": 2.8824214935302734,
    "25_run-clear-memory": 1.017756462097168,
    "41_size-uncompressed": 34.3,
    "42_size-compressed": 12.2
  },
  "react": {
    "01_run1k": 26.7,
    "02_replace1k": 32.2,
    "03_update10th1k_x16": 16.7,
    "04_select1k": 5.6,
    "05_swap1k": 106.5,
    "06_remove-one-1k": 14.5,
    "07_create10k": 420.4,
    "08_create1k-after1k_x2": 31.4,
    "09_clear1k_x8": 19.1,
    "21_ready-memory": 1.2,
    "22_run-memory": 4.4,
    "25_run-clear-memory": 2,
    "41_size-uncompressed": 190.3,
    "42_size-compressed": 51.4
  },
  "elm": {
    "01_run1k": 35.8,
    "02_replace1k": 37.1,
    "03_update10th1k_x16": 22.8,
    "04_select1k": 17.7,
    "05_swap1k": 23.7,
    "06_remove-one-1k": 30,
    "07_create10k": 583.8,
    "08_create1k-after1k_x2": 30.5,
    "09_clear1k_x8": 17.9,
    "21_ready-memory": 0.6768045425415039,
    "22_run-memory": 3.640191078186035,
    "25_run-clear-memory": 1.0376043319702148,
    "41_size-uncompressed": 31.7,
    "42_size-compressed": 10.4
  }
}
