{
  "llui": {
    "01_run1k": 26.1,
    "02_replace1k": 28.5,
    "03_update10th1k_x16": 13,
    "04_select1k": 2.7,
    "05_swap1k": 14.3,
    "06_remove-one-1k": 11.1,
    "07_create10k": 253.9,
    "08_create1k-after1k_x2": 29.4,
    "09_clear1k_x8": 9.9,
    "21_ready-memory": 0.6208658218383789,
    "22_run-memory": 3.670166015625,
    "25_run-clear-memory": 0.9486055374145508,
    "41_size-uncompressed": 24.9,
    "42_size-compressed": 8.2
  },
  "vanillajs": {
    "01_run1k": 20.2,
    "02_replace1k": 21.7,
    "03_update10th1k_x16": 10.6,
    "04_select1k": 2.7,
    "05_swap1k": 12.2,
    "06_remove-one-1k": 9.7,
    "07_create10k": 199.2,
    "08_create1k-after1k_x2": 23,
    "09_clear1k_x8": 8.7,
    "21_ready-memory": 0.5605249404907227,
    "22_run-memory": 1.8289155960083008,
    "25_run-clear-memory": 0.6173534393310547,
    "41_size-uncompressed": 11.3,
    "42_size-compressed": 2.5
  },
  "solid": {
    "01_run1k": 20.8,
    "02_replace1k": 23.1,
    "03_update10th1k_x16": 11.4,
    "04_select1k": 3.6,
    "05_swap1k": 13.7,
    "06_remove-one-1k": 10.2,
    "07_create10k": 217.1,
    "08_create1k-after1k_x2": 23.5,
    "09_clear1k_x8": 11.8,
    "21_ready-memory": 0.5641260147094727,
    "22_run-memory": 2.642165184020996,
    "25_run-clear-memory": 0.7428779602050781,
    "41_size-uncompressed": 11.5,
    "42_size-compressed": 4.5
  },
  "svelte": {
    "01_run1k": 20.9,
    "02_replace1k": 23.8,
    "03_update10th1k_x16": 11.9,
    "04_select1k": 5.1,
    "05_swap1k": 13.8,
    "06_remove-one-1k": 10.4,
    "07_create10k": 218.1,
    "08_create1k-after1k_x2": 23.5,
    "09_clear1k_x8": 10.6,
    "21_ready-memory": 0.6723899841308594,
    "22_run-memory": 2.882122039794922,
    "25_run-clear-memory": 1.017756462097168,
    "41_size-uncompressed": 34.3,
    "42_size-compressed": 12.2
  },
  "react": {
    "01_run1k": 26.7,
    "02_replace1k": 32.2,
    "03_update10th1k_x16": 16.7,
    "04_select1k": 5.6,
    "05_swap1k": 106.5,
    "06_remove-one-1k": 14.5,
    "07_create10k": 420.4,
    "08_create1k-after1k_x2": 31.4,
    "09_clear1k_x8": 19.1,
    "21_ready-memory": 1.2,
    "22_run-memory": 4.4,
    "25_run-clear-memory": 2,
    "41_size-uncompressed": 190.3,
    "42_size-compressed": 51.4
  },
  "elm": {
    "01_run1k": 29.7,
    "02_replace1k": 30.8,
    "03_update10th1k_x16": 22.3,
    "04_select1k": 5.4,
    "05_swap1k": 15.9,
    "06_remove-one-1k": 13.9,
    "07_create10k": 573.8,
    "08_create1k-after1k_x2": 30.5,
    "09_clear1k_x8": 13.8,
    "21_ready-memory": 0.6796197891235352,
    "22_run-memory": 3.640212059020996,
    "25_run-clear-memory": 1.0378446578979492,
    "41_size-uncompressed": 31.7,
    "42_size-compressed": 10.4
  }
}
