{
  "run": {
    "min": 50.19999999925494,
    "median": 55,
    "p95": 75.29999999888241
  },
  "replace": {
    "min": 56.30000000074506,
    "median": 61.399999998509884,
    "p95": 67.30000000074506
  },
  "update": {
    "min": 20,
    "median": 22.200000001117587,
    "p95": 26.100000001490116
  },
  "select": {
    "min": 2.700000001117587,
    "median": 12.299999998882413,
    "p95": 14.400000000372529
  },
  "swap": {
    "min": 7,
    "median": 9.600000001490116,
    "p95": 15.800000000745058
  },
  "remove": {
    "min": 11.599999999627471,
    "median": 14.700000001117587,
    "p95": 17.300000000745058
  },
  "add": {
    "min": 54.90000000037253,
    "median": 61.30000000074506,
    "p95": 76.5
  },
  "clear": {
    "min": 7.699999999254942,
    "median": 13.199999999254942,
    "p95": 14.699999999254942
  },
  "runlots": {
    "min": 517.9000000003725,
    "median": 618.1999999992549,
    "p95": 643.5999999996275
  }
}
