{
  "run": {
    "min": 51.40000000037253,
    "median": 55.90000000037253,
    "p95": 79.30000000074506
  },
  "replace": {
    "min": 56.5,
    "median": 62.30000000074506,
    "p95": 67.09999999962747
  },
  "update": {
    "min": 20.59999999962747,
    "median": 22.299999998882413,
    "p95": 27.199999999254942
  },
  "select": {
    "min": 0.09999999962747097,
    "median": 10.300000000745058,
    "p95": 13.599999999627471
  },
  "swap": {
    "min": 6.899999998509884,
    "median": 8.700000001117587,
    "p95": 16.899999998509884
  },
  "remove": {
    "min": 12.099999999627471,
    "median": 14,
    "p95": 17.5
  },
  "add": {
    "min": 57.5,
    "median": 62.40000000037253,
    "p95": 87.29999999888241
  },
  "clear": {
    "min": 8.099999999627471,
    "median": 13,
    "p95": 19.5
  },
  "runlots": {
    "min": 514,
    "median": 564.6000000014901,
    "p95": 629.2000000011176
  }
}
