{
  "run": {
    "min": 50.40000000037253,
    "median": 55.09999999962747,
    "p95": 78.20000000111759
  },
  "replace": {
    "min": 56.59999999962747,
    "median": 60.40000000037253,
    "p95": 76.09999999962747
  },
  "update": {
    "min": 20.5,
    "median": 24.09999999962747,
    "p95": 29.5
  },
  "select": {
    "min": 7.700000001117587,
    "median": 13.300000000745058,
    "p95": 16.09999999962747
  },
  "swap": {
    "min": 7.5,
    "median": 10.5,
    "p95": 14.599999999627471
  },
  "remove": {
    "min": 12.300000000745058,
    "median": 13.399999998509884,
    "p95": 14.599999999627471
  },
  "add": {
    "min": 57.70000000111759,
    "median": 62.29999999888241,
    "p95": 72.69999999925494
  },
  "clear": {
    "min": 7.700000001117587,
    "median": 12.800000000745058,
    "p95": 16.59999999962747
  },
  "runlots": {
    "min": 513,
    "median": 623.4000000003725,
    "p95": 706.6999999992549
  }
}
