{
  "run": {
    "min": 52.80000001192093,
    "median": 59.5,
    "p95": 80.59999999403954
  },
  "replace": {
    "min": 70,
    "median": 74.30000001192093,
    "p95": 98.80000001192093
  },
  "update": {
    "min": 20.5,
    "median": 24.099999994039536,
    "p95": 27.69999998807907
  },
  "select": {
    "min": 2.699999988079071,
    "median": 13.300000011920929,
    "p95": 16
  },
  "swap": {
    "min": 7.199999988079071,
    "median": 11,
    "p95": 18.5
  },
  "remove": {
    "min": 12.5,
    "median": 14.100000023841858,
    "p95": 17.899999976158142
  },
  "add": {
    "min": 58.5,
    "median": 76.59999999403954,
    "p95": 79.89999997615814
  },
  "clear": {
    "min": 6.299999982118607,
    "median": 12.300000011920929,
    "p95": 16.5
  },
  "runlots": {
    "min": 518.4000000059605,
    "median": 582.1999999880791,
    "p95": 631.6000000238419
  }
}
