{
  "run": {
    "min": 55.400000005960464,
    "median": 58.099999994039536,
    "p95": 71.40000000596046
  },
  "replace": {
    "min": 74.09999999403954,
    "median": 80.80000001192093,
    "p95": 91.7000000178814
  },
  "update": {
    "min": 21.69999998807907,
    "median": 24.30000001192093,
    "p95": 27.900000005960464
  },
  "select": {
    "min": 4.5999999940395355,
    "median": 9.900000005960464,
    "p95": 13.200000017881393
  },
  "swap": {
    "min": 53.79999998211861,
    "median": 55.599999994039536,
    "p95": 64.69999998807907
  },
  "remove": {
    "min": 13.099999994039536,
    "median": 17.19999998807907,
    "p95": 19.5
  },
  "add": {
    "min": 63.79999998211861,
    "median": 69,
    "p95": 76.19999998807907
  },
  "clear": {
    "min": 7.0999999940395355,
    "median": 15.599999994039536,
    "p95": 16.900000005960464
  }
}
