{
  "run": {
    "min": 55.099999994039536,
    "median": 59.5,
    "p95": 71.7999999821186
  },
  "replace": {
    "min": 73.2000000178814,
    "median": 81.59999999403954,
    "p95": 91.40000000596046
  },
  "update": {
    "min": 22.30000001192093,
    "median": 24.900000005960464,
    "p95": 30.19999998807907
  },
  "select": {
    "min": 1.800000011920929,
    "median": 10,
    "p95": 12.899999976158142
  },
  "swap": {
    "min": 52.599999994039536,
    "median": 54.400000005960464,
    "p95": 66.30000001192093
  },
  "remove": {
    "min": 13.099999994039536,
    "median": 16.19999998807907,
    "p95": 17.69999998807907
  },
  "add": {
    "min": 64.59999999403954,
    "median": 72.60000002384186,
    "p95": 88.2000000178814
  },
  "clear": {
    "min": 8,
    "median": 10.699999988079071,
    "p95": 16.400000005960464
  },
  "runlots": {
    "min": 551.3000000119209,
    "median": 610.3999999761581,
    "p95": 683.5999999940395
  }
}
