{
  "run": {
    "min": 55.19999998807907,
    "median": 59.099999994039536,
    "p95": 82.90000000596046
  },
  "replace": {
    "min": 72.5,
    "median": 80.2000000178814,
    "p95": 89.40000000596046
  },
  "update": {
    "min": 22,
    "median": 24.30000001192093,
    "p95": 28
  },
  "select": {
    "min": 4,
    "median": 12.200000017881393,
    "p95": 17.799999982118607
  },
  "swap": {
    "min": 53.20000001788139,
    "median": 56.80000001192093,
    "p95": 74.40000000596046
  },
  "remove": {
    "min": 15.299999982118607,
    "median": 20.099999994039536,
    "p95": 25.80000001192093
  },
  "add": {
    "min": 67,
    "median": 80.69999998807907,
    "p95": 92
  },
  "clear": {
    "min": 7.5,
    "median": 13.699999988079071,
    "p95": 16.80000001192093
  },
  "runlots": {
    "min": 539.6999999880791,
    "median": 601.8000000119209,
    "p95": 663.1999999880791
  }
}
