{
  "run": {
    "min": 53.400000005960464,
    "median": 59.099999994039536,
    "p95": 79.7000000178814
  },
  "replace": {
    "min": 59.69999998807907,
    "median": 62.89999997615814,
    "p95": 79.5
  },
  "update": {
    "min": 20.899999976158142,
    "median": 25,
    "p95": 28.400000005960464
  },
  "select": {
    "min": 0.09999999403953552,
    "median": 12.400000005960464,
    "p95": 12.900000005960464
  },
  "swap": {
    "min": 8,
    "median": 11,
    "p95": 17.599999994039536
  },
  "remove": {
    "min": 12.200000017881393,
    "median": 13.800000011920929,
    "p95": 18
  },
  "add": {
    "min": 59,
    "median": 62.5,
    "p95": 73.69999998807907
  },
  "clear": {
    "min": 7.399999976158142,
    "median": 15.299999982118607,
    "p95": 16.700000017881393
  },
  "runlots": {
    "min": 534.1000000238419,
    "median": 600.9000000059605,
    "p95": 668.2999999821186
  }
}
