{
  "run": {
    "min": 52.099999994039536,
    "median": 57.099999994039536,
    "p95": 81.7000000178814
  },
  "replace": {
    "min": 71.5,
    "median": 77.40000000596046,
    "p95": 106.90000000596046
  },
  "update": {
    "min": 22.099999994039536,
    "median": 25.5,
    "p95": 29.399999976158142
  },
  "select": {
    "min": 5.9000000059604645,
    "median": 13.199999988079071,
    "p95": 15.699999988079071
  },
  "swap": {
    "min": 7.299999982118607,
    "median": 10.400000005960464,
    "p95": 16.299999982118607
  },
  "remove": {
    "min": 11.800000011920929,
    "median": 13.800000011920929,
    "p95": 20.599999994039536
  },
  "add": {
    "min": 60.19999998807907,
    "median": 79.5,
    "p95": 81.60000002384186
  },
  "clear": {
    "min": 7.0999999940395355,
    "median": 13.700000017881393,
    "p95": 16.19999998807907
  },
  "runlots": {
    "min": 519.1000000238419,
    "median": 577.5,
    "p95": 668.4000000059605
  }
}
