{
  "run": {
    "min": 52.5,
    "median": 59.5,
    "p95": 82.60000002384186
  },
  "replace": {
    "min": 60.19999998807907,
    "median": 63.80000001192093,
    "p95": 88.80000001192093
  },
  "update": {
    "min": 22,
    "median": 25.80000001192093,
    "p95": 33.599999994039536
  },
  "select": {
    "min": 6.0999999940395355,
    "median": 10.400000005960464,
    "p95": 16.30000001192093
  },
  "swap": {
    "min": 7.5999999940395355,
    "median": 10.900000005960464,
    "p95": 14.400000005960464
  },
  "remove": {
    "min": 12.799999982118607,
    "median": 15.400000005960464,
    "p95": 18.099999994039536
  },
  "add": {
    "min": 59.29999998211861,
    "median": 65.19999998807907,
    "p95": 75.80000001192093
  },
  "clear": {
    "min": 7,
    "median": 14.400000005960464,
    "p95": 17.700000017881393
  },
  "runlots": {
    "min": 537.0999999940395,
    "median": 641.5999999940395,
    "p95": 669.6000000238419
  }
}
