{
  "llui": {
    "01_run1k": 22,
    "02_replace1k": 23.2,
    "03_update10th1k_x16": 12.1,
    "04_select1k": 3.1,
    "05_swap1k": 8.6,
    "06_remove-one-1k": 10.3,
    "07_create10k": 217.4,
    "08_create1k-after1k_x2": 24.7,
    "09_clear1k_x8": 11.2,
    "21_ready-memory": 0.6415777206420898,
    "22_run-memory": 3.226198196411133,
    "25_run-clear-memory": 1.0901927947998047,
    "41_size-uncompressed": 24.9,
    "42_size-compressed": 8.2
  },
  "vanillajs": {
    "01_run1k": 21.2,
    "02_replace1k": 22.1,
    "03_update10th1k_x16": 11.8,
    "04_select1k": 8.5,
    "05_swap1k": 13,
    "06_remove-one-1k": 10.1,
    "07_create10k": 201.6,
    "08_create1k-after1k_x2": 24,
    "09_clear1k_x8": 8.9,
    "21_ready-memory": 0.5573396682739258,
    "22_run-memory": 1.8293733596801758,
    "25_run-clear-memory": 0.6172008514404297,
    "41_size-uncompressed": 11.3,
    "42_size-compressed": 2.5
  },
  "solid": {
    "01_run1k": 21.9,
    "02_replace1k": 23.5,
    "03_update10th1k_x16": 11.8,
    "04_select1k": 3.6,
    "05_swap1k": 14.2,
    "06_remove-one-1k": 11.8,
    "07_create10k": 214.7,
    "08_create1k-after1k_x2": 24.5,
    "09_clear1k_x8": 11.8,
    "21_ready-memory": 0.5644235610961914,
    "22_run-memory": 2.641514778137207,
    "25_run-clear-memory": 0.7429733276367188,
    "41_size-uncompressed": 11.5,
    "42_size-compressed": 4.5
  },
  "svelte": {
    "01_run1k": 22.1,
    "02_replace1k": 24.2,
    "03_update10th1k_x16": 12,
    "04_select1k": 4.8,
    "05_swap1k": 14.1,
    "06_remove-one-1k": 13.6,
    "07_create10k": 216.2,
    "08_create1k-after1k_x2": 24.6,
    "09_clear1k_x8": 11,
    "21_ready-memory": 0.6786575317382812,
    "22_run-memory": 2.8819656372070312,
    "25_run-clear-memory": 1.019495964050293,
    "41_size-uncompressed": 34.3,
    "42_size-compressed": 12.2
  },
  "react": {
    "01_run1k": 26.7,
    "02_replace1k": 32.2,
    "03_update10th1k_x16": 16.7,
    "04_select1k": 5.6,
    "05_swap1k": 106.5,
    "06_remove-one-1k": 14.5,
    "07_create10k": 420.4,
    "08_create1k-after1k_x2": 31.4,
    "09_clear1k_x8": 19.1,
    "21_ready-memory": 1.2,
    "22_run-memory": 4.4,
    "25_run-clear-memory": 2,
    "41_size-uncompressed": 190.3,
    "42_size-compressed": 51.4
  },
  "elm": {
    "01_run1k": 37.1,
    "02_replace1k": 36.8,
    "03_update10th1k_x16": 23.8,
    "04_select1k": 15.2,
    "05_swap1k": 24.4,
    "06_remove-one-1k": 30.1,
    "07_create10k": 583,
    "08_create1k-after1k_x2": 32.7,
    "09_clear1k_x8": 15.1,
    "21_ready-memory": 0.6791925430297852,
    "22_run-memory": 3.6396560668945312,
    "25_run-clear-memory": 1.037287712097168,
    "41_size-uncompressed": 31.7,
    "42_size-compressed": 10.4
  }
}
