{
  "llui": {
    "01_run1k": 23.9,
    "02_replace1k": 25.7,
    "03_update10th1k_x16": 13.6,
    "04_select1k": 2.9,
    "05_swap1k": 13.9,
    "06_remove-one-1k": 10.8,
    "07_create10k": 237.1,
    "08_create1k-after1k_x2": 27.3,
    "09_clear1k_x8": 11.1,
    "size_gz": null,
    "memory_run": null,
    "21_ready-memory": 0.5944833755493164,
    "22_run-memory": 3.1533098220825195,
    "25_run-clear-memory": 0.9511690139770508,
    "41_size-uncompressed": 26.2,
    "42_size-compressed": 6.9
  },
  "vanillajs": {
    "01_run1k": 22.1,
    "02_replace1k": 23.6,
    "03_update10th1k_x16": 10.7,
    "04_select1k": 3.1,
    "05_swap1k": 13.7,
    "06_remove-one-1k": 10.1,
    "07_create10k": 216.1,
    "08_create1k-after1k_x2": 25.2,
    "09_clear1k_x8": 8.9,
    "size_gz": null,
    "memory_run": null,
    "21_ready-memory": 0.5554361343383789,
    "22_run-memory": 1.8274736404418945,
    "25_run-clear-memory": 0.6254291534423828,
    "41_size-uncompressed": 11.3,
    "42_size-compressed": 2.5
  },
  "react": {
    "01_run1k": 26.7,
    "02_replace1k": 32.2,
    "03_update10th1k_x16": 16.7,
    "04_select1k": 5.6,
    "05_swap1k": 106.5,
    "06_remove-one-1k": 14.5,
    "07_create10k": 420.4,
    "08_create1k-after1k_x2": 31.4,
    "09_clear1k_x8": 19.1,
    "size_gz": null,
    "memory_run": null,
    "21_ready-memory": 1.1752262115478516,
    "22_run-memory": 4.406488418579102,
    "25_run-clear-memory": 1.961073875427246,
    "41_size-uncompressed": 190.3,
    "42_size-compressed": 51.4
  },
  "solid": {
    "01_run1k": 23,
    "02_replace1k": 24.9,
    "03_update10th1k_x16": 11.9,
    "04_select1k": 4,
    "05_swap1k": 13.6,
    "06_remove-one-1k": 10.5,
    "07_create10k": 227.9,
    "08_create1k-after1k_x2": 26.2,
    "09_clear1k_x8": 11.8,
    "size_gz": null,
    "memory_run": null,
    "21_ready-memory": 0.5708990097045898,
    "22_run-memory": 2.6401891708374023,
    "25_run-clear-memory": 0.7446556091308594,
    "41_size-uncompressed": 11.5,
    "42_size-compressed": 4.5
  },
  "svelte": {
    "01_run1k": 23.4,
    "02_replace1k": 25.6,
    "03_update10th1k_x16": 11.8,
    "04_select1k": 5.3,
    "05_swap1k": 13.7,
    "06_remove-one-1k": 12.1,
    "07_create10k": 228.6,
    "08_create1k-after1k_x2": 26.4,
    "09_clear1k_x8": 10.3,
    "size_gz": null,
    "memory_run": null,
    "21_ready-memory": 0.6772651672363281,
    "22_run-memory": 2.879012107849121,
    "25_run-clear-memory": 1.0123357772827148,
    "41_size-uncompressed": 34.3,
    "42_size-compressed": 12.2
  },
  "elm": {
    "01_run1k": 36.4,
    "02_replace1k": 32.4,
    "03_update10th1k_x16": 28.9,
    "04_select1k": 24.3,
    "05_swap1k": 27.1,
    "06_remove-one-1k": 29.4,
    "07_create10k": 590.5,
    "08_create1k-after1k_x2": 36.7,
    "09_clear1k_x8": 21.9,
    "size_gz": null,
    "memory_run": null,
    "21_ready-memory": 0.6815690994262695,
    "22_run-memory": 3.634502410888672,
    "25_run-clear-memory": 1.0473737716674805,
    "41_size-uncompressed": 31.7,
    "42_size-compressed": 10.4
  }
}
