{
  "llui": {
    "01_run1k": 21.3,
    "02_replace1k": 24.7,
    "03_update10th1k_x16": 14.6,
    "04_select1k": 3.2,
    "05_swap1k": 16.8,
    "06_remove-one-1k": 11.9,
    "07_create10k": 229.2,
    "08_create1k-after1k_x2": 26.4,
    "09_clear1k_x8": 11.5,
    "21_ready-memory": 0.6715841293334961,
    "22_run-memory": 2.3637380599975586,
    "25_run-clear-memory": 0.9304094314575195,
    "41_size-uncompressed": 24.9,
    "42_size-compressed": 8.2
  },
  "vanillajs": {
    "01_run1k": 20.6,
    "02_replace1k": 22.1,
    "03_update10th1k_x16": 12.6,
    "04_select1k": 3.1,
    "05_swap1k": 14.2,
    "06_remove-one-1k": 10.7,
    "07_create10k": 206.7,
    "08_create1k-after1k_x2": 24.1,
    "09_clear1k_x8": 9.1,
    "21_ready-memory": 0.5794572830200195,
    "22_run-memory": 1.8701562881469727,
    "25_run-clear-memory": 0.6568470001220703,
    "41_size-uncompressed": 11.3,
    "42_size-compressed": 2.5
  },
  "solid": {
    "01_run1k": 21.2,
    "02_replace1k": 23.7,
    "03_update10th1k_x16": 14.2,
    "04_select1k": 4,
    "05_swap1k": 16.3,
    "06_remove-one-1k": 11.1,
    "07_create10k": 220.4,
    "08_create1k-after1k_x2": 24.7,
    "09_clear1k_x8": 11.8,
    "21_ready-memory": 0.6068391799926758,
    "22_run-memory": 2.6810312271118164,
    "25_run-clear-memory": 0.7743358612060547,
    "41_size-uncompressed": 11.5,
    "42_size-compressed": 4.5
  },
  "svelte": {
    "01_run1k": 21.4,
    "02_replace1k": 24.4,
    "03_update10th1k_x16": 14.3,
    "04_select1k": 6.1,
    "05_swap1k": 16.3,
    "06_remove-one-1k": 11.4,
    "07_create10k": 223.6,
    "08_create1k-after1k_x2": 24.7,
    "09_clear1k_x8": 11.5,
    "21_ready-memory": 0.6930351257324219,
    "22_run-memory": 2.8953075408935547,
    "25_run-clear-memory": 1.0265493392944336,
    "41_size-uncompressed": 34.3,
    "42_size-compressed": 12.2
  },
  "react-hooks": {
    "01_run1k": 24.3,
    "02_replace1k": 30,
    "03_update10th1k_x16": 17.3,
    "04_select1k": 6.2,
    "05_swap1k": 96.4,
    "06_remove-one-1k": 12.5,
    "07_create10k": 414.5,
    "08_create1k-after1k_x2": 29.4,
    "09_clear1k_x8": 18.1,
    "21_ready-memory": 1.2019376754760742,
    "22_run-memory": 4.433177947998047,
    "25_run-clear-memory": 1.987504005432129,
    "41_size-uncompressed": 190.3,
    "42_size-compressed": 51.4
  },
  "elm": {
    "01_run1k": 29.6,
    "02_replace1k": 30,
    "03_update10th1k_x16": 17.5,
    "04_select1k": 5.9,
    "05_swap1k": 18.4,
    "06_remove-one-1k": 13.5,
    "07_create10k": 259.8,
    "08_create1k-after1k_x2": 30.9,
    "09_clear1k_x8": 13.2,
    "21_ready-memory": 0.6963205337524414,
    "22_run-memory": 3.6572065353393555,
    "25_run-clear-memory": 1.0475549697875977,
    "41_size-uncompressed": 31.7,
    "42_size-compressed": 10.4
  }
}
