{
  "llui": {
    "01_run1k": 21.65,
    "02_replace1k": 22.9,
    "03_update10th1k_x16": 10.85,
    "04_select1k": 3.05,
    "05_swap1k": 8.149999999999999,
    "06_remove-one-1k": 10.3,
    "07_create10k": 218.85000000000002,
    "08_create1k-after1k_x2": 24.200000000000003,
    "09_clear1k_x8": 10.45,
    "21_ready-memory": 0.606968879699707,
    "22_run-memory": 3.1863322257995605,
    "25_run-clear-memory": 1.049764633178711,
    "41_size-uncompressed": 24.5,
    "42_size-compressed": 8.1
  },
  "vanillajs": {
    "01_run1k": 20.9,
    "02_replace1k": 21.7,
    "03_update10th1k_x16": 18.9,
    "04_select1k": 9,
    "05_swap1k": 13.7,
    "06_remove-one-1k": 9.6,
    "07_create10k": 202.8,
    "08_create1k-after1k_x2": 23.5,
    "09_clear1k_x8": 8.9,
    "21_ready-memory": 0.4771232604980469,
    "22_run-memory": 1.8298883438110352,
    "25_run-clear-memory": 0.6171741485595703,
    "41_size-uncompressed": 11.3,
    "42_size-compressed": 2.5
  },
  "solid": {
    "01_run1k": 21.5,
    "02_replace1k": 23.2,
    "03_update10th1k_x16": 10.7,
    "04_select1k": 3.6,
    "05_swap1k": 13.2,
    "06_remove-one-1k": 12.2,
    "07_create10k": 216.7,
    "08_create1k-after1k_x2": 23.9,
    "09_clear1k_x8": 11.4,
    "21_ready-memory": 0.5152111053466797,
    "22_run-memory": 2.641913414001465,
    "25_run-clear-memory": 0.7428779602050781,
    "41_size-uncompressed": 11.5,
    "42_size-compressed": 4.5
  },
  "svelte": {
    "01_run1k": 21.7,
    "02_replace1k": 23.5,
    "03_update10th1k_x16": 11.3,
    "04_select1k": 4.7,
    "05_swap1k": 13.2,
    "06_remove-one-1k": 13.8,
    "07_create10k": 216.8,
    "08_create1k-after1k_x2": 24,
    "09_clear1k_x8": 10.4,
    "21_ready-memory": 0.6751861572265625,
    "22_run-memory": 2.882002830505371,
    "25_run-clear-memory": 1.0195951461791992,
    "41_size-uncompressed": 34.3,
    "42_size-compressed": 12.2
  },
  "react": {
    "01_run1k": 26.7,
    "02_replace1k": 32.2,
    "03_update10th1k_x16": 16.7,
    "04_select1k": 5.6,
    "05_swap1k": 106.5,
    "06_remove-one-1k": 14.5,
    "07_create10k": 420.4,
    "08_create1k-after1k_x2": 31.4,
    "09_clear1k_x8": 19.1,
    "21_ready-memory": 1.2,
    "22_run-memory": 4.4,
    "25_run-clear-memory": 2,
    "41_size-uncompressed": 190.3,
    "42_size-compressed": 51.4
  },
  "elm": {
    "01_run1k": 36.8,
    "02_replace1k": 36,
    "03_update10th1k_x16": 22.9,
    "04_select1k": 16.3,
    "05_swap1k": 24.2,
    "06_remove-one-1k": 29.5,
    "07_create10k": 587.6,
    "08_create1k-after1k_x2": 32.8,
    "09_clear1k_x8": 16.4,
    "21_ready-memory": 0.6830644607543945,
    "22_run-memory": 3.6401634216308594,
    "25_run-clear-memory": 1.037531852722168,
    "41_size-uncompressed": 31.7,
    "42_size-compressed": 10.4
  }
}
