{
  "llui": {
    "01_run1k": 24.7,
    "02_replace1k": 26.3,
    "03_update10th1k_x16": 14.5,
    "04_select1k": 3,
    "05_swap1k": 10.8,
    "06_remove-one-1k": 11.4,
    "07_create10k": 240.2,
    "08_create1k-after1k_x2": 28.3,
    "09_clear1k_x8": 12.4,
    "size_gz": null,
    "memory_run": null,
    "21_ready-memory": 0.5971660614013672,
    "22_run-memory": 3.1533355712890625,
    "25_run-clear-memory": 0.9979724884033203,
    "41_size-uncompressed": 26.8,
    "42_size-compressed": 7.1
  },
  "vanillajs": {
    "01_run1k": 22.8,
    "02_replace1k": 23.7,
    "03_update10th1k_x16": 13,
    "04_select1k": 6.1,
    "05_swap1k": 14.2,
    "06_remove-one-1k": 13.2,
    "07_create10k": 218.4,
    "08_create1k-after1k_x2": 25.9,
    "09_clear1k_x8": 9.3,
    "size_gz": null,
    "memory_run": null,
    "21_ready-memory": 0.4757347106933594,
    "22_run-memory": 1.8290224075317383,
    "25_run-clear-memory": 0.6239719390869141,
    "41_size-uncompressed": 11.3,
    "42_size-compressed": 2.5
  },
  "react": {
    "01_run1k": 26.7,
    "02_replace1k": 32.2,
    "03_update10th1k_x16": 16.7,
    "04_select1k": 5.6,
    "05_swap1k": 106.5,
    "06_remove-one-1k": 14.5,
    "07_create10k": 420.4,
    "08_create1k-after1k_x2": 31.4,
    "09_clear1k_x8": 19.1,
    "size_gz": null,
    "memory_run": null,
    "21_ready-memory": 1.1752262115478516,
    "22_run-memory": 4.406488418579102,
    "25_run-clear-memory": 1.961073875427246,
    "41_size-uncompressed": 190.3,
    "42_size-compressed": 51.4
  },
  "solid": {
    "01_run1k": 23.5,
    "02_replace1k": 25.6,
    "03_update10th1k_x16": 13.3,
    "04_select1k": 3.9,
    "05_swap1k": 16.1,
    "06_remove-one-1k": 11.5,
    "07_create10k": 232.1,
    "08_create1k-after1k_x2": 26.8,
    "09_clear1k_x8": 11.6,
    "size_gz": null,
    "memory_run": null,
    "21_ready-memory": 0.5018272399902344,
    "22_run-memory": 2.64013671875,
    "25_run-clear-memory": 0.7443428039550781,
    "41_size-uncompressed": 11.5,
    "42_size-compressed": 4.5
  },
  "svelte": {
    "01_run1k": 23.4,
    "02_replace1k": 25.8,
    "03_update10th1k_x16": 14.3,
    "04_select1k": 5.6,
    "05_swap1k": 15.7,
    "06_remove-one-1k": 12.8,
    "07_create10k": 233.9,
    "08_create1k-after1k_x2": 27,
    "09_clear1k_x8": 11.2,
    "size_gz": null,
    "memory_run": null,
    "21_ready-memory": 0.67425537109375,
    "22_run-memory": 2.882143974304199,
    "25_run-clear-memory": 1.027125358581543,
    "41_size-uncompressed": 34.3,
    "42_size-compressed": 12.2
  },
  "elm": {
    "01_run1k": 38.1,
    "02_replace1k": 35.9,
    "03_update10th1k_x16": 27.1,
    "04_select1k": 23.3,
    "05_swap1k": 27.4,
    "06_remove-one-1k": 29.6,
    "07_create10k": 597.5,
    "08_create1k-after1k_x2": 37.7,
    "09_clear1k_x8": 23.2,
    "size_gz": null,
    "memory_run": null,
    "21_ready-memory": 0.6777772903442383,
    "22_run-memory": 3.635059356689453,
    "25_run-clear-memory": 1.0472517013549805,
    "41_size-uncompressed": 31.7,
    "42_size-compressed": 10.4
  }
}
