{
  "llui": {
    "01_run1k": 23.8,
    "02_replace1k": 26,
    "03_update10th1k_x16": 11.2,
    "04_select1k": 3.4,
    "05_swap1k": 12.8,
    "06_remove-one-1k": 10.7,
    "07_create10k": 233.8,
    "08_create1k-after1k_x2": 26.9,
    "09_clear1k_x8": 10.8,
    "size_gz": null,
    "memory_run": null,
    "21_ready-memory": 0.5829916000366211,
    "22_run-memory": 3.0535383224487305,
    "25_run-clear-memory": 0.9506635665893555,
    "41_size-uncompressed": 20.1,
    "42_size-compressed": 5.8
  },
  "vanillajs": {
    "01_run1k": 22.2,
    "02_replace1k": 23.5,
    "03_update10th1k_x16": 10.1,
    "04_select1k": 2.7,
    "05_swap1k": 12.6,
    "06_remove-one-1k": 9.5,
    "07_create10k": 214.5,
    "08_create1k-after1k_x2": 25.3,
    "09_clear1k_x8": 8.5,
    "size_gz": null,
    "memory_run": null,
    "21_ready-memory": 0.5562295913696289,
    "22_run-memory": 1.8272027969360352,
    "25_run-clear-memory": 0.6255359649658203,
    "41_size-uncompressed": 11.3,
    "42_size-compressed": 2.5
  },
  "react": {
    "01_run1k": 26.7,
    "02_replace1k": 32.2,
    "03_update10th1k_x16": 16.7,
    "04_select1k": 5.6,
    "05_swap1k": 106.5,
    "06_remove-one-1k": 14.5,
    "07_create10k": 420.4,
    "08_create1k-after1k_x2": 31.4,
    "09_clear1k_x8": 19.1,
    "size_gz": null,
    "memory_run": null,
    "21_ready-memory": 1.1752262115478516,
    "22_run-memory": 4.406488418579102,
    "25_run-clear-memory": 1.961073875427246,
    "41_size-uncompressed": 190.3,
    "42_size-compressed": 51.4
  },
  "solid": {
    "01_run1k": 23.1,
    "02_replace1k": 24.9,
    "03_update10th1k_x16": 11.3,
    "04_select1k": 6.1,
    "05_swap1k": 13.3,
    "06_remove-one-1k": 11.9,
    "07_create10k": 228.3,
    "08_create1k-after1k_x2": 26.2,
    "09_clear1k_x8": 11.1,
    "size_gz": null,
    "memory_run": null,
    "21_ready-memory": 0.5627641677856445,
    "22_run-memory": 2.63956356048584,
    "25_run-clear-memory": 0.7444496154785156,
    "41_size-uncompressed": 11.5,
    "42_size-compressed": 4.5
  },
  "svelte": {
    "01_run1k": 23.2,
    "02_replace1k": 25.4,
    "03_update10th1k_x16": 11.5,
    "04_select1k": 5.3,
    "05_swap1k": 13.6,
    "06_remove-one-1k": 11.8,
    "07_create10k": 230.5,
    "08_create1k-after1k_x2": 26.4,
    "09_clear1k_x8": 10.3,
    "size_gz": null,
    "memory_run": null,
    "21_ready-memory": 0.6766872406005859,
    "22_run-memory": 2.879911422729492,
    "25_run-clear-memory": 1.0276556015014648,
    "41_size-uncompressed": 34.3,
    "42_size-compressed": 12.2
  },
  "elm": {
    "01_run1k": 37.9,
    "02_replace1k": 32.4,
    "03_update10th1k_x16": 27.9,
    "04_select1k": 24.3,
    "05_swap1k": 24.8,
    "06_remove-one-1k": 30.2,
    "07_create10k": 595.7,
    "08_create1k-after1k_x2": 37.9,
    "09_clear1k_x8": 22.3,
    "size_gz": null,
    "memory_run": null,
    "21_ready-memory": 0.680974006652832,
    "22_run-memory": 3.6342344284057617,
    "25_run-clear-memory": 1.0471410751342773,
    "41_size-uncompressed": 31.7,
    "42_size-compressed": 10.4
  }
}
