{
  "llui": {
    "01_run1k": 24.4,
    "02_replace1k": 26.5,
    "03_update10th1k_x16": 11.4,
    "04_select1k": 3.6,
    "05_swap1k": 13.1,
    "06_remove-one-1k": 11,
    "07_create10k": 245.8,
    "08_create1k-after1k_x2": 27.4,
    "09_clear1k_x8": 11,
    "size_gz": null,
    "memory_run": null,
    "21_ready-memory": 0.582982063293457,
    "22_run-memory": 3.053898811340332,
    "25_run-clear-memory": 0.9514913558959961,
    "41_size-uncompressed": 20.2,
    "42_size-compressed": 5.8
  },
  "vanillajs": {
    "01_run1k": 22.2,
    "02_replace1k": 23.5,
    "03_update10th1k_x16": 10.4,
    "04_select1k": 2.7,
    "05_swap1k": 12.2,
    "06_remove-one-1k": 9.6,
    "07_create10k": 215.7,
    "08_create1k-after1k_x2": 25.5,
    "09_clear1k_x8": 8.7,
    "size_gz": null,
    "memory_run": null,
    "21_ready-memory": 0.559147834777832,
    "22_run-memory": 1.8274660110473633,
    "25_run-clear-memory": 0.6237735748291016,
    "41_size-uncompressed": 11.3,
    "42_size-compressed": 2.5
  },
  "react": {
    "01_run1k": 26.7,
    "02_replace1k": 32.2,
    "03_update10th1k_x16": 16.7,
    "04_select1k": 5.6,
    "05_swap1k": 106.5,
    "06_remove-one-1k": 14.5,
    "07_create10k": 420.4,
    "08_create1k-after1k_x2": 31.4,
    "09_clear1k_x8": 19.1,
    "size_gz": null,
    "memory_run": null,
    "21_ready-memory": 1.1752262115478516,
    "22_run-memory": 4.406488418579102,
    "25_run-clear-memory": 1.961073875427246,
    "41_size-uncompressed": 190.3,
    "42_size-compressed": 51.4
  },
  "solid": {
    "01_run1k": 23.3,
    "02_replace1k": 25,
    "03_update10th1k_x16": 11.3,
    "04_select1k": 5.6,
    "05_swap1k": 13.5,
    "06_remove-one-1k": 11.7,
    "07_create10k": 230.3,
    "08_create1k-after1k_x2": 26.6,
    "09_clear1k_x8": 11.2,
    "size_gz": null,
    "memory_run": null,
    "21_ready-memory": 0.5629777908325195,
    "22_run-memory": 2.639139175415039,
    "25_run-clear-memory": 0.7443923950195312,
    "41_size-uncompressed": 11.5,
    "42_size-compressed": 4.5
  },
  "svelte": {
    "01_run1k": 23.3,
    "02_replace1k": 25.5,
    "03_update10th1k_x16": 11.6,
    "04_select1k": 5.4,
    "05_swap1k": 13.9,
    "06_remove-one-1k": 12,
    "07_create10k": 232.4,
    "08_create1k-after1k_x2": 26.7,
    "09_clear1k_x8": 10.5,
    "size_gz": null,
    "memory_run": null,
    "21_ready-memory": 0.6736831665039062,
    "22_run-memory": 2.8782644271850586,
    "25_run-clear-memory": 1.012160301208496,
    "41_size-uncompressed": 34.3,
    "42_size-compressed": 12.2
  },
  "elm": {
    "01_run1k": 37.4,
    "02_replace1k": 30.3,
    "03_update10th1k_x16": 27.1,
    "04_select1k": 24.3,
    "05_swap1k": 25.4,
    "06_remove-one-1k": 29.6,
    "07_create10k": 598.1,
    "08_create1k-after1k_x2": 38,
    "09_clear1k_x8": 22.5,
    "size_gz": null,
    "memory_run": null,
    "21_ready-memory": 0.6750078201293945,
    "22_run-memory": 3.6344661712646484,
    "25_run-clear-memory": 1.047011375427246,
    "41_size-uncompressed": 31.7,
    "42_size-compressed": 10.4
  }
}
